{"cameraMode":{"drawMode":0,"name":"Shaded","section":"Shading Mode"},"sceneLighting":true,"audioPlay":false,"sceneViewState":{"m_AlwaysRefresh":false,"showFog":true,"showSkybox":true,"showFlares":true,"showImageEffects":true,"showParticleSystems":true,"showVisualEffectGraphs":true,"m_FxEnabled":true},"in2DMode":false,"pivot":{"x":-7.874199867248535,"y":4.075098991394043,"z":17.165599822998048},"rotation":{"x":0.2013612687587738,"y":-0.0246734581887722,"z":0.005063799675554037,"w":0.9792109131813049},"size":15.415943145751954,"orthographic":false}