{"cameraMode":{"drawMode":2,"name":"Shaded Wireframe","section":"Shading Mode"},"sceneLighting":true,"audioPlay":false,"sceneViewState":{"m_AlwaysRefresh":false,"showFog":true,"showSkybox":true,"showFlares":true,"showImageEffects":true,"showParticleSystems":true,"showVisualEffectGraphs":true,"m_FxEnabled":true},"in2DMode":false,"pivot":{"x":0.31623461842536929,"y":0.3926340937614441,"z":4.9448561668396},"rotation":{"x":0.04827461764216423,"y":0.025779910385608674,"z":-0.0012712185271084309,"w":0.9985472559928894},"size":2.726496458053589,"orthographic":false}