{"cameraMode":{"drawMode":0,"name":"Shaded","section":"Shading Mode"},"sceneLighting":true,"audioPlay":false,"sceneViewState":{"m_AlwaysRefresh":false,"showFog":true,"showSkybox":true,"showFlares":true,"showImageEffects":true,"showParticleSystems":true,"showVisualEffectGraphs":true,"m_FxEnabled":true},"in2DMode":false,"pivot":{"x":0.28536534309387209,"y":17.570903778076173,"z":34.87200164794922},"rotation":{"x":-0.236902117729187,"y":-0.041669558733701709,"z":0.01018141396343708,"w":-0.970598578453064},"size":19.578310012817384,"orthographic":false}