{"cameraMode":{"drawMode":0,"name":"Shaded","section":"Shading Mode"},"sceneLighting":false,"audioPlay":false,"sceneViewState":{"m_AlwaysRefresh":false,"showFog":true,"showSkybox":false,"showFlares":true,"showImageEffects":true,"showParticleSystems":true,"showVisualEffectGraphs":true,"m_FxEnabled":true},"in2DMode":false,"pivot":{"x":3.7079062461853029,"y":3.7879021167755129,"z":-19.331905364990236},"rotation":{"x":-0.026561548933386804,"y":0.09911693632602692,"z":0.0026045432314276697,"w":0.9947481751441956},"size":7.288796901702881,"orthographic":false}